roi_policy,fov_id,dataset,gt_signed_um,pred_signed_um,abs_error_um,qualitative_panel_path
center_top1,/home/dineth/focus_measure/datasets/New folder/bma pbf tfa/pbs_imgs/FieldPos404_Cam01_RGB_MB/FieldPos404_Cam01_RGB_MB_page_9.png,pbs,-1.5,3.0791375637054443,4.579137563705444,/home/dineth/focus_measure/journal/Regression/data/out_final_phase/smears/evaluation/qualitative_failure_panels/center_top1/FieldPos404_Cam01_RGB_MB_page_9.png
center_top1,/home/dineth/focus_measure/datasets/New folder/bma pbf tfa/pbs_imgs/FieldPos404_Cam01_RGB_MB/FieldPos404_Cam01_RGB_MB_page_5.png,pbs,-3.5,1.0601141452789307,4.560114145278931,/home/dineth/focus_measure/journal/Regression/data/out_final_phase/smears/evaluation/qualitative_failure_panels/center_top1/FieldPos404_Cam01_RGB_MB_page_5.png
center_top1,/home/dineth/focus_measure/datasets/New folder/bma pbf tfa/pbs_imgs/FieldPos404_Cam01_RGB_MB/FieldPos404_Cam01_RGB_MB_page_10.png,pbs,-1.0,3.5000483989715576,4.500048398971558,/home/dineth/focus_measure/journal/Regression/data/out_final_phase/smears/evaluation/qualitative_failure_panels/center_top1/FieldPos404_Cam01_RGB_MB_page_10.png
center_top1,/home/dineth/focus_measure/datasets/New folder/bma pbf tfa/pbs_imgs/FieldPos404_Cam01_RGB_MB/FieldPos404_Cam01_RGB_MB_page_4.png,pbs,-4.0,0.4961612820625305,4.4961612820625305,/home/dineth/focus_measure/journal/Regression/data/out_final_phase/smears/evaluation/qualitative_failure_panels/center_top1/FieldPos404_Cam01_RGB_MB_page_4.png
center_top1,/home/dineth/focus_measure/datasets/New folder/bma pbf tfa/bma_imgs/pos002_1/pos002_1_page_7.png,bma,2.5,-1.9421734809875488,4.442173480987549,/home/dineth/focus_measure/journal/Regression/data/out_final_phase/smears/evaluation/qualitative_failure_panels/center_top1/pos002_1_page_7.png
center_top1,/home/dineth/focus_measure/datasets/New folder/bma pbf tfa/pbs_imgs/FieldPos404_Cam01_RGB_MB/FieldPos404_Cam01_RGB_MB_page_8.png,pbs,-2.0,2.4063613414764404,4.40636134147644,/home/dineth/focus_measure/journal/Regression/data/out_final_phase/smears/evaluation/qualitative_failure_panels/center_top1/FieldPos404_Cam01_RGB_MB_page_8.png
center_top1,/home/dineth/focus_measure/datasets/New folder/bma pbf tfa/pbs_imgs/FieldPos404_Cam01_RGB_MB/FieldPos404_Cam01_RGB_MB_page_6.png,pbs,-3.0,1.3891340494155884,4.389134049415588,/home/dineth/focus_measure/journal/Regression/data/out_final_phase/smears/evaluation/qualitative_failure_panels/center_top1/FieldPos404_Cam01_RGB_MB_page_6.png
center_top1,/home/dineth/focus_measure/datasets/New folder/bma pbf tfa/pbs_imgs/FieldPos404_Cam01_RGB_MB/FieldPos404_Cam01_RGB_MB_page_11.png,pbs,-0.5,3.79095458984375,4.29095458984375,/home/dineth/focus_measure/journal/Regression/data/out_final_phase/smears/evaluation/qualitative_failure_panels/center_top1/FieldPos404_Cam01_RGB_MB_page_11.png
center_top1,/home/dineth/focus_measure/datasets/New folder/bma pbf tfa/pbs_imgs/FieldPos404_Cam01_RGB_MB/FieldPos404_Cam01_RGB_MB_page_7.png,pbs,-2.5,1.7546672821044922,4.254667282104492,/home/dineth/focus_measure/journal/Regression/data/out_final_phase/smears/evaluation/qualitative_failure_panels/center_top1/FieldPos404_Cam01_RGB_MB_page_7.png
center_top1,/home/dineth/focus_measure/datasets/New folder/bma pbf tfa/pbs_imgs/FieldPos321_Cam01_RGB_MB/FieldPos321_Cam01_RGB_MB_page_14.png,pbs,0.5,4.752369403839111,4.252369403839111,/home/dineth/focus_measure/journal/Regression/data/out_final_phase/smears/evaluation/qualitative_failure_panels/center_top1/FieldPos321_Cam01_RGB_MB_page_14.png
random_k@k=1,/home/dineth/focus_measure/datasets/New folder/bma pbf tfa/bma_imgs/pos004_3/pos004_3_page_4.png,bma,-3.5,3.0507357120513916,6.550735712051392,/home/dineth/focus_measure/journal/Regression/data/out_final_phase/smears/evaluation/qualitative_failure_panels/random_k_k=1/pos004_3_page_4.png
random_k@k=1,/home/dineth/focus_measure/datasets/New folder/bma pbf tfa/pbs_imgs/FieldPos472_Cam01_RGB_MB/FieldPos472_Cam01_RGB_MB_page_14.png,pbs,2.5,-3.6119184494018555,6.1119184494018555,/home/dineth/focus_measure/journal/Regression/data/out_final_phase/smears/evaluation/qualitative_failure_panels/random_k_k=1/FieldPos472_Cam01_RGB_MB_page_14.png
random_k@k=1,/home/dineth/focus_measure/datasets/New folder/bma pbf tfa/bma_imgs/pos003_2/pos003_2_page_12.png,bma,3.0,-2.4355859756469727,5.435585975646973,/home/dineth/focus_measure/journal/Regression/data/out_final_phase/smears/evaluation/qualitative_failure_panels/random_k_k=1/pos003_2_page_12.png
random_k@k=1,/home/dineth/focus_measure/datasets/New folder/bma pbf tfa/bma_imgs/pos008_1/pos008_1_page_10.png,bma,3.0,-2.2186484336853027,5.218648433685303,/home/dineth/focus_measure/journal/Regression/data/out_final_phase/smears/evaluation/qualitative_failure_panels/random_k_k=1/pos008_1_page_10.png
random_k@k=1,/home/dineth/focus_measure/datasets/New folder/bma pbf tfa/pbs_imgs/FieldPos435_Cam01_RGB_MB/FieldPos435_Cam01_RGB_MB_page_11.png,pbs,3.5,-1.5592788457870483,5.059278845787048,/home/dineth/focus_measure/journal/Regression/data/out_final_phase/smears/evaluation/qualitative_failure_panels/random_k_k=1/FieldPos435_Cam01_RGB_MB_page_11.png
random_k@k=1,/home/dineth/focus_measure/datasets/New folder/bma pbf tfa/pbs_imgs/FieldPos404_Cam01_RGB_MB/FieldPos404_Cam01_RGB_MB_page_3.png,pbs,-4.5,0.5535507202148438,5.053550720214844,/home/dineth/focus_measure/journal/Regression/data/out_final_phase/smears/evaluation/qualitative_failure_panels/random_k_k=1/FieldPos404_Cam01_RGB_MB_page_3.png
random_k@k=1,/home/dineth/focus_measure/datasets/New folder/bma pbf tfa/pbs_imgs/FieldPos321_Cam01_RGB_MB/FieldPos321_Cam01_RGB_MB_page_13.png,pbs,-0.0,4.871485233306885,4.871485233306885,/home/dineth/focus_measure/journal/Regression/data/out_final_phase/smears/evaluation/qualitative_failure_panels/random_k_k=1/FieldPos321_Cam01_RGB_MB_page_13.png
random_k@k=1,/home/dineth/focus_measure/datasets/New folder/bma pbf tfa/pbs_imgs/FieldPos404_Cam01_RGB_MB/FieldPos404_Cam01_RGB_MB_page_10.png,pbs,-1.0,3.756370782852173,4.756370782852173,/home/dineth/focus_measure/journal/Regression/data/out_final_phase/smears/evaluation/qualitative_failure_panels/random_k_k=1/FieldPos404_Cam01_RGB_MB_page_10.png
random_k@k=1,/home/dineth/focus_measure/datasets/New folder/bma pbf tfa/pbs_imgs/FieldPos404_Cam01_RGB_MB/FieldPos404_Cam01_RGB_MB_page_8.png,pbs,-2.0,2.645751476287842,4.645751476287842,/home/dineth/focus_measure/journal/Regression/data/out_final_phase/smears/evaluation/qualitative_failure_panels/random_k_k=1/FieldPos404_Cam01_RGB_MB_page_8.png
random_k@k=1,/home/dineth/focus_measure/datasets/New folder/bma pbf tfa/pbs_imgs/FieldPos404_Cam01_RGB_MB/FieldPos404_Cam01_RGB_MB_page_4.png,pbs,-4.0,0.610536515712738,4.610536515712738,/home/dineth/focus_measure/journal/Regression/data/out_final_phase/smears/evaluation/qualitative_failure_panels/random_k_k=1/FieldPos404_Cam01_RGB_MB_page_4.png
random_k@k=3,/home/dineth/focus_measure/datasets/New folder/bma pbf tfa/pbs_imgs/FieldPos404_Cam01_RGB_MB/FieldPos404_Cam01_RGB_MB_page_3.png,pbs,-4.5,0.41932734847068787,4.919327348470688,/home/dineth/focus_measure/journal/Regression/data/out_final_phase/smears/evaluation/qualitative_failure_panels/random_k_k=3/FieldPos404_Cam01_RGB_MB_page_3.png
random_k@k=3,/home/dineth/focus_measure/datasets/New folder/bma pbf tfa/pbs_imgs/FieldPos404_Cam01_RGB_MB/FieldPos404_Cam01_RGB_MB_page_8.png,pbs,-2.0,2.8685250282287598,4.86852502822876,/home/dineth/focus_measure/journal/Regression/data/out_final_phase/smears/evaluation/qualitative_failure_panels/random_k_k=3/FieldPos404_Cam01_RGB_MB_page_8.png
random_k@k=3,/home/dineth/focus_measure/datasets/New folder/bma pbf tfa/pbs_imgs/FieldPos404_Cam01_RGB_MB/FieldPos404_Cam01_RGB_MB_page_5.png,pbs,-3.5,1.1094460487365723,4.609446048736572,/home/dineth/focus_measure/journal/Regression/data/out_final_phase/smears/evaluation/qualitative_failure_panels/random_k_k=3/FieldPos404_Cam01_RGB_MB_page_5.png
random_k@k=3,/home/dineth/focus_measure/datasets/New folder/bma pbf tfa/pbs_imgs/FieldPos404_Cam01_RGB_MB/FieldPos404_Cam01_RGB_MB_page_9.png,pbs,-1.5,3.044314384460449,4.544314384460449,/home/dineth/focus_measure/journal/Regression/data/out_final_phase/smears/evaluation/qualitative_failure_panels/random_k_k=3/FieldPos404_Cam01_RGB_MB_page_9.png
random_k@k=3,/home/dineth/focus_measure/datasets/New folder/bma pbf tfa/pbs_imgs/FieldPos404_Cam01_RGB_MB/FieldPos404_Cam01_RGB_MB_page_4.png,pbs,-4.0,0.5428613424301147,4.542861342430115,/home/dineth/focus_measure/journal/Regression/data/out_final_phase/smears/evaluation/qualitative_failure_panels/random_k_k=3/FieldPos404_Cam01_RGB_MB_page_4.png
random_k@k=3,/home/dineth/focus_measure/datasets/New folder/bma pbf tfa/pbs_imgs/FieldPos404_Cam01_RGB_MB/FieldPos404_Cam01_RGB_MB_page_6.png,pbs,-3.0,1.4873729944229126,4.487372994422913,/home/dineth/focus_measure/journal/Regression/data/out_final_phase/smears/evaluation/qualitative_failure_panels/random_k_k=3/FieldPos404_Cam01_RGB_MB_page_6.png
random_k@k=3,/home/dineth/focus_measure/datasets/New folder/bma pbf tfa/pbs_imgs/FieldPos404_Cam01_RGB_MB/FieldPos404_Cam01_RGB_MB_page_12.png,pbs,-0.0,4.470519065856934,4.470519065856934,/home/dineth/focus_measure/journal/Regression/data/out_final_phase/smears/evaluation/qualitative_failure_panels/random_k_k=3/FieldPos404_Cam01_RGB_MB_page_12.png
random_k@k=3,/home/dineth/focus_measure/datasets/New folder/bma pbf tfa/pbs_imgs/FieldPos404_Cam01_RGB_MB/FieldPos404_Cam01_RGB_MB_page_10.png,pbs,-1.0,3.470017910003662,4.470017910003662,/home/dineth/focus_measure/journal/Regression/data/out_final_phase/smears/evaluation/qualitative_failure_panels/random_k_k=3/FieldPos404_Cam01_RGB_MB_page_10.png
random_k@k=3,/home/dineth/focus_measure/datasets/New folder/bma pbf tfa/pbs_imgs/FieldPos404_Cam01_RGB_MB/FieldPos404_Cam01_RGB_MB_page_11.png,pbs,-0.5,3.9164092540740967,4.416409254074097,/home/dineth/focus_measure/journal/Regression/data/out_final_phase/smears/evaluation/qualitative_failure_panels/random_k_k=3/FieldPos404_Cam01_RGB_MB_page_11.png
random_k@k=3,/home/dineth/focus_measure/datasets/New folder/bma pbf tfa/pbs_imgs/FieldPos404_Cam01_RGB_MB/FieldPos404_Cam01_RGB_MB_page_7.png,pbs,-2.5,1.9045593738555908,4.404559373855591,/home/dineth/focus_measure/journal/Regression/data/out_final_phase/smears/evaluation/qualitative_failure_panels/random_k_k=3/FieldPos404_Cam01_RGB_MB_page_7.png
random_k@k=5,/home/dineth/focus_measure/datasets/New folder/bma pbf tfa/pbs_imgs/FieldPos404_Cam01_RGB_MB/FieldPos404_Cam01_RGB_MB_page_12.png,pbs,-0.0,4.66353702545166,4.66353702545166,/home/dineth/focus_measure/journal/Regression/data/out_final_phase/smears/evaluation/qualitative_failure_panels/random_k_k=5/FieldPos404_Cam01_RGB_MB_page_12.png
random_k@k=5,/home/dineth/focus_measure/datasets/New folder/bma pbf tfa/pbs_imgs/FieldPos321_Cam01_RGB_MB/FieldPos321_Cam01_RGB_MB_page_13.png,pbs,-0.0,4.628451824188232,4.628451824188232,/home/dineth/focus_measure/journal/Regression/data/out_final_phase/smears/evaluation/qualitative_failure_panels/random_k_k=5/FieldPos321_Cam01_RGB_MB_page_13.png
random_k@k=5,/home/dineth/focus_measure/datasets/New folder/bma pbf tfa/pbs_imgs/FieldPos404_Cam01_RGB_MB/FieldPos404_Cam01_RGB_MB_page_9.png,pbs,-1.5,3.1047821044921875,4.6047821044921875,/home/dineth/focus_measure/journal/Regression/data/out_final_phase/smears/evaluation/qualitative_failure_panels/random_k_k=5/FieldPos404_Cam01_RGB_MB_page_9.png
random_k@k=5,/home/dineth/focus_measure/datasets/New folder/bma pbf tfa/pbs_imgs/FieldPos404_Cam01_RGB_MB/FieldPos404_Cam01_RGB_MB_page_6.png,pbs,-3.0,1.5779492855072021,4.577949285507202,/home/dineth/focus_measure/journal/Regression/data/out_final_phase/smears/evaluation/qualitative_failure_panels/random_k_k=5/FieldPos404_Cam01_RGB_MB_page_6.png
random_k@k=5,/home/dineth/focus_measure/datasets/New folder/bma pbf tfa/pbs_imgs/FieldPos404_Cam01_RGB_MB/FieldPos404_Cam01_RGB_MB_page_4.png,pbs,-4.0,0.4961612820625305,4.4961612820625305,/home/dineth/focus_measure/journal/Regression/data/out_final_phase/smears/evaluation/qualitative_failure_panels/random_k_k=5/FieldPos404_Cam01_RGB_MB_page_4.png
random_k@k=5,/home/dineth/focus_measure/datasets/New folder/bma pbf tfa/pbs_imgs/FieldPos404_Cam01_RGB_MB/FieldPos404_Cam01_RGB_MB_page_10.png,pbs,-1.0,3.4602949619293213,4.460294961929321,/home/dineth/focus_measure/journal/Regression/data/out_final_phase/smears/evaluation/qualitative_failure_panels/random_k_k=5/FieldPos404_Cam01_RGB_MB_page_10.png
random_k@k=5,/home/dineth/focus_measure/datasets/New folder/bma pbf tfa/pbs_imgs/FieldPos404_Cam01_RGB_MB/FieldPos404_Cam01_RGB_MB_page_5.png,pbs,-3.5,0.9220055341720581,4.422005534172058,/home/dineth/focus_measure/journal/Regression/data/out_final_phase/smears/evaluation/qualitative_failure_panels/random_k_k=5/FieldPos404_Cam01_RGB_MB_page_5.png
random_k@k=5,/home/dineth/focus_measure/datasets/New folder/bma pbf tfa/pbs_imgs/FieldPos404_Cam01_RGB_MB/FieldPos404_Cam01_RGB_MB_page_7.png,pbs,-2.5,1.9090697765350342,4.409069776535034,/home/dineth/focus_measure/journal/Regression/data/out_final_phase/smears/evaluation/qualitative_failure_panels/random_k_k=5/FieldPos404_Cam01_RGB_MB_page_7.png
random_k@k=5,/home/dineth/focus_measure/datasets/New folder/bma pbf tfa/pbs_imgs/FieldPos404_Cam01_RGB_MB/FieldPos404_Cam01_RGB_MB_page_11.png,pbs,-0.5,3.906233072280884,4.406233072280884,/home/dineth/focus_measure/journal/Regression/data/out_final_phase/smears/evaluation/qualitative_failure_panels/random_k_k=5/FieldPos404_Cam01_RGB_MB_page_11.png
random_k@k=5,/home/dineth/focus_measure/datasets/New folder/bma pbf tfa/pbs_imgs/FieldPos404_Cam01_RGB_MB/FieldPos404_Cam01_RGB_MB_page_8.png,pbs,-2.0,2.3320460319519043,4.332046031951904,/home/dineth/focus_measure/journal/Regression/data/out_final_phase/smears/evaluation/qualitative_failure_panels/random_k_k=5/FieldPos404_Cam01_RGB_MB_page_8.png
random_k@k=7,/home/dineth/focus_measure/datasets/New folder/bma pbf tfa/pbs_imgs/FieldPos404_Cam01_RGB_MB/FieldPos404_Cam01_RGB_MB_page_6.png,pbs,-3.0,1.6325749158859253,4.632574915885925,/home/dineth/focus_measure/journal/Regression/data/out_final_phase/smears/evaluation/qualitative_failure_panels/random_k_k=7/FieldPos404_Cam01_RGB_MB_page_6.png
random_k@k=7,/home/dineth/focus_measure/datasets/New folder/bma pbf tfa/pbs_imgs/FieldPos404_Cam01_RGB_MB/FieldPos404_Cam01_RGB_MB_page_11.png,pbs,-0.5,4.113437175750732,4.613437175750732,/home/dineth/focus_measure/journal/Regression/data/out_final_phase/smears/evaluation/qualitative_failure_panels/random_k_k=7/FieldPos404_Cam01_RGB_MB_page_11.png
random_k@k=7,/home/dineth/focus_measure/datasets/New folder/bma pbf tfa/pbs_imgs/FieldPos321_Cam01_RGB_MB/FieldPos321_Cam01_RGB_MB_page_13.png,pbs,-0.0,4.522624492645264,4.522624492645264,/home/dineth/focus_measure/journal/Regression/data/out_final_phase/smears/evaluation/qualitative_failure_panels/random_k_k=7/FieldPos321_Cam01_RGB_MB_page_13.png
random_k@k=7,/home/dineth/focus_measure/datasets/New folder/bma pbf tfa/pbs_imgs/FieldPos404_Cam01_RGB_MB/FieldPos404_Cam01_RGB_MB_page_9.png,pbs,-1.5,2.985764980316162,4.485764980316162,/home/dineth/focus_measure/journal/Regression/data/out_final_phase/smears/evaluation/qualitative_failure_panels/random_k_k=7/FieldPos404_Cam01_RGB_MB_page_9.png
random_k@k=7,/home/dineth/focus_measure/datasets/New folder/bma pbf tfa/pbs_imgs/FieldPos404_Cam01_RGB_MB/FieldPos404_Cam01_RGB_MB_page_4.png,pbs,-4.0,0.48455899953842163,4.484558999538422,/home/dineth/focus_measure/journal/Regression/data/out_final_phase/smears/evaluation/qualitative_failure_panels/random_k_k=7/FieldPos404_Cam01_RGB_MB_page_4.png
random_k@k=7,/home/dineth/focus_measure/datasets/New folder/bma pbf tfa/pbs_imgs/FieldPos404_Cam01_RGB_MB/FieldPos404_Cam01_RGB_MB_page_8.png,pbs,-2.0,2.446437358856201,4.446437358856201,/home/dineth/focus_measure/journal/Regression/data/out_final_phase/smears/evaluation/qualitative_failure_panels/random_k_k=7/FieldPos404_Cam01_RGB_MB_page_8.png
random_k@k=7,/home/dineth/focus_measure/datasets/New folder/bma pbf tfa/pbs_imgs/FieldPos404_Cam01_RGB_MB/FieldPos404_Cam01_RGB_MB_page_5.png,pbs,-3.5,0.8800804018974304,4.38008040189743,/home/dineth/focus_measure/journal/Regression/data/out_final_phase/smears/evaluation/qualitative_failure_panels/random_k_k=7/FieldPos404_Cam01_RGB_MB_page_5.png
random_k@k=7,/home/dineth/focus_measure/datasets/New folder/bma pbf tfa/pbs_imgs/FieldPos404_Cam01_RGB_MB/FieldPos404_Cam01_RGB_MB_page_10.png,pbs,-1.0,3.373185873031616,4.373185873031616,/home/dineth/focus_measure/journal/Regression/data/out_final_phase/smears/evaluation/qualitative_failure_panels/random_k_k=7/FieldPos404_Cam01_RGB_MB_page_10.png
random_k@k=7,/home/dineth/focus_measure/datasets/New folder/bma pbf tfa/pbs_imgs/FieldPos404_Cam01_RGB_MB/FieldPos404_Cam01_RGB_MB_page_7.png,pbs,-2.5,1.8496543169021606,4.349654316902161,/home/dineth/focus_measure/journal/Regression/data/out_final_phase/smears/evaluation/qualitative_failure_panels/random_k_k=7/FieldPos404_Cam01_RGB_MB_page_7.png
random_k@k=7,/home/dineth/focus_measure/datasets/New folder/bma pbf tfa/pbs_imgs/FieldPos321_Cam01_RGB_MB/FieldPos321_Cam01_RGB_MB_page_14.png,pbs,0.5,4.82357120513916,4.32357120513916,/home/dineth/focus_measure/journal/Regression/data/out_final_phase/smears/evaluation/qualitative_failure_panels/random_k_k=7/FieldPos321_Cam01_RGB_MB_page_14.png
focus_only_topk@k=1,/home/dineth/focus_measure/datasets/New folder/bma pbf tfa/pbs_imgs/FieldPos435_Cam01_RGB_MB/FieldPos435_Cam01_RGB_MB_page_12.png,pbs,4.0,-2.3419435024261475,6.3419435024261475,/home/dineth/focus_measure/journal/Regression/data/out_final_phase/smears/evaluation/qualitative_failure_panels/focus_only_topk_k=1/FieldPos435_Cam01_RGB_MB_page_12.png
focus_only_topk@k=1,/home/dineth/focus_measure/datasets/New folder/bma pbf tfa/pbs_imgs/FieldPos404_Cam01_RGB_MB/FieldPos404_Cam01_RGB_MB_page_3.png,pbs,-4.5,0.5519102811813354,5.0519102811813354,/home/dineth/focus_measure/journal/Regression/data/out_final_phase/smears/evaluation/qualitative_failure_panels/focus_only_topk_k=1/FieldPos404_Cam01_RGB_MB_page_3.png
focus_only_topk@k=1,/home/dineth/focus_measure/datasets/New folder/bma pbf tfa/pbs_imgs/FieldPos217_Cam01_RGB_MB/FieldPos217_Cam01_RGB_MB_page_6.png,pbs,2.0,-2.8939225673675537,4.893922567367554,/home/dineth/focus_measure/journal/Regression/data/out_final_phase/smears/evaluation/qualitative_failure_panels/focus_only_topk_k=1/FieldPos217_Cam01_RGB_MB_page_6.png
focus_only_topk@k=1,/home/dineth/focus_measure/datasets/New folder/bma pbf tfa/pbs_imgs/FieldPos085_Cam01_RGB_MB/FieldPos085_Cam01_RGB_MB_page_8.png,pbs,2.5,-2.193617105484009,4.693617105484009,/home/dineth/focus_measure/journal/Regression/data/out_final_phase/smears/evaluation/qualitative_failure_panels/focus_only_topk_k=1/FieldPos085_Cam01_RGB_MB_page_8.png
focus_only_topk@k=1,/home/dineth/focus_measure/datasets/New folder/bma pbf tfa/pbs_imgs/FieldPos404_Cam01_RGB_MB/FieldPos404_Cam01_RGB_MB_page_8.png,pbs,-2.0,2.645751476287842,4.645751476287842,/home/dineth/focus_measure/journal/Regression/data/out_final_phase/smears/evaluation/qualitative_failure_panels/focus_only_topk_k=1/FieldPos404_Cam01_RGB_MB_page_8.png
focus_only_topk@k=1,/home/dineth/focus_measure/datasets/New folder/bma pbf tfa/pbs_imgs/FieldPos404_Cam01_RGB_MB/FieldPos404_Cam01_RGB_MB_page_9.png,pbs,-1.5,3.041069269180298,4.541069269180298,/home/dineth/focus_measure/journal/Regression/data/out_final_phase/smears/evaluation/qualitative_failure_panels/focus_only_topk_k=1/FieldPos404_Cam01_RGB_MB_page_9.png
focus_only_topk@k=1,/home/dineth/focus_measure/datasets/New folder/bma pbf tfa/pbs_imgs/FieldPos404_Cam01_RGB_MB/FieldPos404_Cam01_RGB_MB_page_6.png,pbs,-3.0,1.5174975395202637,4.517497539520264,/home/dineth/focus_measure/journal/Regression/data/out_final_phase/smears/evaluation/qualitative_failure_panels/focus_only_topk_k=1/FieldPos404_Cam01_RGB_MB_page_6.png
focus_only_topk@k=1,/home/dineth/focus_measure/datasets/New folder/bma pbf tfa/pbs_imgs/FieldPos404_Cam01_RGB_MB/FieldPos404_Cam01_RGB_MB_page_7.png,pbs,-2.5,2.014904499053955,4.514904499053955,/home/dineth/focus_measure/journal/Regression/data/out_final_phase/smears/evaluation/qualitative_failure_panels/focus_only_topk_k=1/FieldPos404_Cam01_RGB_MB_page_7.png
focus_only_topk@k=1,/home/dineth/focus_measure/datasets/New folder/bma pbf tfa/pbs_imgs/FieldPos404_Cam01_RGB_MB/FieldPos404_Cam01_RGB_MB_page_4.png,pbs,-4.0,0.5007128715515137,4.500712871551514,/home/dineth/focus_measure/journal/Regression/data/out_final_phase/smears/evaluation/qualitative_failure_panels/focus_only_topk_k=1/FieldPos404_Cam01_RGB_MB_page_4.png
focus_only_topk@k=1,/home/dineth/focus_measure/datasets/New folder/bma pbf tfa/pbs_imgs/FieldPos404_Cam01_RGB_MB/FieldPos404_Cam01_RGB_MB_page_5.png,pbs,-3.5,0.8956972360610962,4.395697236061096,/home/dineth/focus_measure/journal/Regression/data/out_final_phase/smears/evaluation/qualitative_failure_panels/focus_only_topk_k=1/FieldPos404_Cam01_RGB_MB_page_5.png
focus_only_topk@k=3,/home/dineth/focus_measure/datasets/New folder/bma pbf tfa/pbs_imgs/FieldPos404_Cam01_RGB_MB/FieldPos404_Cam01_RGB_MB_page_3.png,pbs,-4.5,0.5519102811813354,5.0519102811813354,/home/dineth/focus_measure/journal/Regression/data/out_final_phase/smears/evaluation/qualitative_failure_panels/focus_only_topk_k=3/FieldPos404_Cam01_RGB_MB_page_3.png
focus_only_topk@k=3,/home/dineth/focus_measure/datasets/New folder/bma pbf tfa/pbs_imgs/FieldPos404_Cam01_RGB_MB/FieldPos404_Cam01_RGB_MB_page_6.png,pbs,-3.0,1.6593552827835083,4.659355282783508,/home/dineth/focus_measure/journal/Regression/data/out_final_phase/smears/evaluation/qualitative_failure_panels/focus_only_topk_k=3/FieldPos404_Cam01_RGB_MB_page_6.png
focus_only_topk@k=3,/home/dineth/focus_measure/datasets/New folder/bma pbf tfa/pbs_imgs/FieldPos085_Cam01_RGB_MB/FieldPos085_Cam01_RGB_MB_page_8.png,pbs,2.5,-2.105447769165039,4.605447769165039,/home/dineth/focus_measure/journal/Regression/data/out_final_phase/smears/evaluation/qualitative_failure_panels/focus_only_topk_k=3/FieldPos085_Cam01_RGB_MB_page_8.png
focus_only_topk@k=3,/home/dineth/focus_measure/datasets/New folder/bma pbf tfa/pbs_imgs/FieldPos404_Cam01_RGB_MB/FieldPos404_Cam01_RGB_MB_page_4.png,pbs,-4.0,0.5165778398513794,4.516577839851379,/home/dineth/focus_measure/journal/Regression/data/out_final_phase/smears/evaluation/qualitative_failure_panels/focus_only_topk_k=3/FieldPos404_Cam01_RGB_MB_page_4.png
focus_only_topk@k=3,/home/dineth/focus_measure/datasets/New folder/bma pbf tfa/pbs_imgs/FieldPos404_Cam01_RGB_MB/FieldPos404_Cam01_RGB_MB_page_12.png,pbs,-0.0,4.512403964996338,4.512403964996338,/home/dineth/focus_measure/journal/Regression/data/out_final_phase/smears/evaluation/qualitative_failure_panels/focus_only_topk_k=3/FieldPos404_Cam01_RGB_MB_page_12.png
focus_only_topk@k=3,/home/dineth/focus_measure/datasets/New folder/bma pbf tfa/pbs_imgs/FieldPos404_Cam01_RGB_MB/FieldPos404_Cam01_RGB_MB_page_9.png,pbs,-1.5,2.927535057067871,4.427535057067871,/home/dineth/focus_measure/journal/Regression/data/out_final_phase/smears/evaluation/qualitative_failure_panels/focus_only_topk_k=3/FieldPos404_Cam01_RGB_MB_page_9.png
focus_only_topk@k=3,/home/dineth/focus_measure/datasets/New folder/bma pbf tfa/pbs_imgs/FieldPos404_Cam01_RGB_MB/FieldPos404_Cam01_RGB_MB_page_5.png,pbs,-3.5,0.8956972360610962,4.395697236061096,/home/dineth/focus_measure/journal/Regression/data/out_final_phase/smears/evaluation/qualitative_failure_panels/focus_only_topk_k=3/FieldPos404_Cam01_RGB_MB_page_5.png
focus_only_topk@k=3,/home/dineth/focus_measure/datasets/New folder/bma pbf tfa/pbs_imgs/FieldPos404_Cam01_RGB_MB/FieldPos404_Cam01_RGB_MB_page_7.png,pbs,-2.5,1.8602710962295532,4.360271096229553,/home/dineth/focus_measure/journal/Regression/data/out_final_phase/smears/evaluation/qualitative_failure_panels/focus_only_topk_k=3/FieldPos404_Cam01_RGB_MB_page_7.png
focus_only_topk@k=3,/home/dineth/focus_measure/datasets/New folder/bma pbf tfa/pbs_imgs/FieldPos321_Cam01_RGB_MB/FieldPos321_Cam01_RGB_MB_page_13.png,pbs,-0.0,4.34024715423584,4.34024715423584,/home/dineth/focus_measure/journal/Regression/data/out_final_phase/smears/evaluation/qualitative_failure_panels/focus_only_topk_k=3/FieldPos321_Cam01_RGB_MB_page_13.png
focus_only_topk@k=3,/home/dineth/focus_measure/datasets/New folder/bma pbf tfa/pbs_imgs/FieldPos404_Cam01_RGB_MB/FieldPos404_Cam01_RGB_MB_page_11.png,pbs,-0.5,3.8064687252044678,4.306468725204468,/home/dineth/focus_measure/journal/Regression/data/out_final_phase/smears/evaluation/qualitative_failure_panels/focus_only_topk_k=3/FieldPos404_Cam01_RGB_MB_page_11.png
focus_only_topk@k=5,/home/dineth/focus_measure/datasets/New folder/bma pbf tfa/pbs_imgs/FieldPos404_Cam01_RGB_MB/FieldPos404_Cam01_RGB_MB_page_3.png,pbs,-4.5,0.5519102811813354,5.0519102811813354,/home/dineth/focus_measure/journal/Regression/data/out_final_phase/smears/evaluation/qualitative_failure_panels/focus_only_topk_k=5/FieldPos404_Cam01_RGB_MB_page_3.png
focus_only_topk@k=5,/home/dineth/focus_measure/datasets/New folder/bma pbf tfa/pbs_imgs/FieldPos404_Cam01_RGB_MB/FieldPos404_Cam01_RGB_MB_page_6.png,pbs,-3.0,1.7134339809417725,4.7134339809417725,/home/dineth/focus_measure/journal/Regression/data/out_final_phase/smears/evaluation/qualitative_failure_panels/focus_only_topk_k=5/FieldPos404_Cam01_RGB_MB_page_6.png
focus_only_topk@k=5,/home/dineth/focus_measure/datasets/New folder/bma pbf tfa/pbs_imgs/FieldPos404_Cam01_RGB_MB/FieldPos404_Cam01_RGB_MB_page_4.png,pbs,-4.0,0.5165778398513794,4.516577839851379,/home/dineth/focus_measure/journal/Regression/data/out_final_phase/smears/evaluation/qualitative_failure_panels/focus_only_topk_k=5/FieldPos404_Cam01_RGB_MB_page_4.png
focus_only_topk@k=5,/home/dineth/focus_measure/datasets/New folder/bma pbf tfa/pbs_imgs/FieldPos404_Cam01_RGB_MB/FieldPos404_Cam01_RGB_MB_page_12.png,pbs,-0.0,4.512403964996338,4.512403964996338,/home/dineth/focus_measure/journal/Regression/data/out_final_phase/smears/evaluation/qualitative_failure_panels/focus_only_topk_k=5/FieldPos404_Cam01_RGB_MB_page_12.png
focus_only_topk@k=5,/home/dineth/focus_measure/datasets/New folder/bma pbf tfa/pbs_imgs/FieldPos404_Cam01_RGB_MB/FieldPos404_Cam01_RGB_MB_page_9.png,pbs,-1.5,2.927535057067871,4.427535057067871,/home/dineth/focus_measure/journal/Regression/data/out_final_phase/smears/evaluation/qualitative_failure_panels/focus_only_topk_k=5/FieldPos404_Cam01_RGB_MB_page_9.png
focus_only_topk@k=5,/home/dineth/focus_measure/datasets/New folder/bma pbf tfa/pbs_imgs/FieldPos404_Cam01_RGB_MB/FieldPos404_Cam01_RGB_MB_page_5.png,pbs,-3.5,0.8956972360610962,4.395697236061096,/home/dineth/focus_measure/journal/Regression/data/out_final_phase/smears/evaluation/qualitative_failure_panels/focus_only_topk_k=5/FieldPos404_Cam01_RGB_MB_page_5.png
focus_only_topk@k=5,/home/dineth/focus_measure/datasets/New folder/bma pbf tfa/pbs_imgs/FieldPos321_Cam01_RGB_MB/FieldPos321_Cam01_RGB_MB_page_13.png,pbs,-0.0,4.374880313873291,4.374880313873291,/home/dineth/focus_measure/journal/Regression/data/out_final_phase/smears/evaluation/qualitative_failure_panels/focus_only_topk_k=5/FieldPos321_Cam01_RGB_MB_page_13.png
focus_only_topk@k=5,/home/dineth/focus_measure/datasets/New folder/bma pbf tfa/pbs_imgs/FieldPos404_Cam01_RGB_MB/FieldPos404_Cam01_RGB_MB_page_7.png,pbs,-2.5,1.8602710962295532,4.360271096229553,/home/dineth/focus_measure/journal/Regression/data/out_final_phase/smears/evaluation/qualitative_failure_panels/focus_only_topk_k=5/FieldPos404_Cam01_RGB_MB_page_7.png
focus_only_topk@k=5,/home/dineth/focus_measure/datasets/New folder/bma pbf tfa/pbs_imgs/FieldPos404_Cam01_RGB_MB/FieldPos404_Cam01_RGB_MB_page_8.png,pbs,-2.0,2.324272394180298,4.324272394180298,/home/dineth/focus_measure/journal/Regression/data/out_final_phase/smears/evaluation/qualitative_failure_panels/focus_only_topk_k=5/FieldPos404_Cam01_RGB_MB_page_8.png
focus_only_topk@k=5,/home/dineth/focus_measure/datasets/New folder/bma pbf tfa/pbs_imgs/FieldPos404_Cam01_RGB_MB/FieldPos404_Cam01_RGB_MB_page_11.png,pbs,-0.5,3.8064687252044678,4.306468725204468,/home/dineth/focus_measure/journal/Regression/data/out_final_phase/smears/evaluation/qualitative_failure_panels/focus_only_topk_k=5/FieldPos404_Cam01_RGB_MB_page_11.png
focus_only_topk@k=7,/home/dineth/focus_measure/datasets/New folder/bma pbf tfa/pbs_imgs/FieldPos404_Cam01_RGB_MB/FieldPos404_Cam01_RGB_MB_page_3.png,pbs,-4.5,0.5519102811813354,5.0519102811813354,/home/dineth/focus_measure/journal/Regression/data/out_final_phase/smears/evaluation/qualitative_failure_panels/focus_only_topk_k=7/FieldPos404_Cam01_RGB_MB_page_3.png
focus_only_topk@k=7,/home/dineth/focus_measure/datasets/New folder/bma pbf tfa/pbs_imgs/FieldPos404_Cam01_RGB_MB/FieldPos404_Cam01_RGB_MB_page_6.png,pbs,-3.0,1.6593552827835083,4.659355282783508,/home/dineth/focus_measure/journal/Regression/data/out_final_phase/smears/evaluation/qualitative_failure_panels/focus_only_topk_k=7/FieldPos404_Cam01_RGB_MB_page_6.png
focus_only_topk@k=7,/home/dineth/focus_measure/datasets/New folder/bma pbf tfa/pbs_imgs/FieldPos404_Cam01_RGB_MB/FieldPos404_Cam01_RGB_MB_page_5.png,pbs,-3.5,1.0692476034164429,4.569247603416443,/home/dineth/focus_measure/journal/Regression/data/out_final_phase/smears/evaluation/qualitative_failure_panels/focus_only_topk_k=7/FieldPos404_Cam01_RGB_MB_page_5.png
focus_only_topk@k=7,/home/dineth/focus_measure/datasets/New folder/bma pbf tfa/pbs_imgs/FieldPos321_Cam01_RGB_MB/FieldPos321_Cam01_RGB_MB_page_13.png,pbs,-0.0,4.522624492645264,4.522624492645264,/home/dineth/focus_measure/journal/Regression/data/out_final_phase/smears/evaluation/qualitative_failure_panels/focus_only_topk_k=7/FieldPos321_Cam01_RGB_MB_page_13.png
focus_only_topk@k=7,/home/dineth/focus_measure/datasets/New folder/bma pbf tfa/pbs_imgs/FieldPos404_Cam01_RGB_MB/FieldPos404_Cam01_RGB_MB_page_4.png,pbs,-4.0,0.5165778398513794,4.516577839851379,/home/dineth/focus_measure/journal/Regression/data/out_final_phase/smears/evaluation/qualitative_failure_panels/focus_only_topk_k=7/FieldPos404_Cam01_RGB_MB_page_4.png
focus_only_topk@k=7,/home/dineth/focus_measure/datasets/New folder/bma pbf tfa/pbs_imgs/FieldPos404_Cam01_RGB_MB/FieldPos404_Cam01_RGB_MB_page_9.png,pbs,-1.5,2.974602222442627,4.474602222442627,/home/dineth/focus_measure/journal/Regression/data/out_final_phase/smears/evaluation/qualitative_failure_panels/focus_only_topk_k=7/FieldPos404_Cam01_RGB_MB_page_9.png
focus_only_topk@k=7,/home/dineth/focus_measure/datasets/New folder/bma pbf tfa/pbs_imgs/FieldPos404_Cam01_RGB_MB/FieldPos404_Cam01_RGB_MB_page_7.png,pbs,-2.5,1.8602710962295532,4.360271096229553,/home/dineth/focus_measure/journal/Regression/data/out_final_phase/smears/evaluation/qualitative_failure_panels/focus_only_topk_k=7/FieldPos404_Cam01_RGB_MB_page_7.png
focus_only_topk@k=7,/home/dineth/focus_measure/datasets/New folder/bma pbf tfa/pbs_imgs/FieldPos404_Cam01_RGB_MB/FieldPos404_Cam01_RGB_MB_page_10.png,pbs,-1.0,3.3320274353027344,4.332027435302734,/home/dineth/focus_measure/journal/Regression/data/out_final_phase/smears/evaluation/qualitative_failure_panels/focus_only_topk_k=7/FieldPos404_Cam01_RGB_MB_page_10.png
focus_only_topk@k=7,/home/dineth/focus_measure/datasets/New folder/bma pbf tfa/pbs_imgs/FieldPos404_Cam01_RGB_MB/FieldPos404_Cam01_RGB_MB_page_8.png,pbs,-2.0,2.324272394180298,4.324272394180298,/home/dineth/focus_measure/journal/Regression/data/out_final_phase/smears/evaluation/qualitative_failure_panels/focus_only_topk_k=7/FieldPos404_Cam01_RGB_MB_page_8.png
focus_only_topk@k=7,/home/dineth/focus_measure/datasets/New folder/bma pbf tfa/pbs_imgs/FieldPos404_Cam01_RGB_MB/FieldPos404_Cam01_RGB_MB_page_12.png,pbs,-0.0,4.307786464691162,4.307786464691162,/home/dineth/focus_measure/journal/Regression/data/out_final_phase/smears/evaluation/qualitative_failure_panels/focus_only_topk_k=7/FieldPos404_Cam01_RGB_MB_page_12.png
occupancy_only_topk@k=1,/home/dineth/focus_measure/datasets/New folder/bma pbf tfa/pbs_imgs/FieldPos435_Cam01_RGB_MB/FieldPos435_Cam01_RGB_MB_page_12.png,pbs,4.0,-2.3419435024261475,6.3419435024261475,/home/dineth/focus_measure/journal/Regression/data/out_final_phase/smears/evaluation/qualitative_failure_panels/occupancy_only_topk_k=1/FieldPos435_Cam01_RGB_MB_page_12.png
occupancy_only_topk@k=1,/home/dineth/focus_measure/datasets/New folder/bma pbf tfa/bma_imgs/pos004_3/pos004_3_page_4.png,bma,-3.5,2.656280755996704,6.156280755996704,/home/dineth/focus_measure/journal/Regression/data/out_final_phase/smears/evaluation/qualitative_failure_panels/occupancy_only_topk_k=1/pos004_3_page_4.png
occupancy_only_topk@k=1,/home/dineth/focus_measure/datasets/New folder/bma pbf tfa/pbs_imgs/FieldPos404_Cam01_RGB_MB/FieldPos404_Cam01_RGB_MB_page_3.png,pbs,-4.5,0.5519102811813354,5.0519102811813354,/home/dineth/focus_measure/journal/Regression/data/out_final_phase/smears/evaluation/qualitative_failure_panels/occupancy_only_topk_k=1/FieldPos404_Cam01_RGB_MB_page_3.png
occupancy_only_topk@k=1,/home/dineth/focus_measure/datasets/New folder/bma pbf tfa/pbs_imgs/FieldPos217_Cam01_RGB_MB/FieldPos217_Cam01_RGB_MB_page_6.png,pbs,2.0,-2.8939225673675537,4.893922567367554,/home/dineth/focus_measure/journal/Regression/data/out_final_phase/smears/evaluation/qualitative_failure_panels/occupancy_only_topk_k=1/FieldPos217_Cam01_RGB_MB_page_6.png
occupancy_only_topk@k=1,/home/dineth/focus_measure/datasets/New folder/bma pbf tfa/pbs_imgs/FieldPos085_Cam01_RGB_MB/FieldPos085_Cam01_RGB_MB_page_8.png,pbs,2.5,-2.193617105484009,4.693617105484009,/home/dineth/focus_measure/journal/Regression/data/out_final_phase/smears/evaluation/qualitative_failure_panels/occupancy_only_topk_k=1/FieldPos085_Cam01_RGB_MB_page_8.png
occupancy_only_topk@k=1,/home/dineth/focus_measure/datasets/New folder/bma pbf tfa/pbs_imgs/FieldPos404_Cam01_RGB_MB/FieldPos404_Cam01_RGB_MB_page_8.png,pbs,-2.0,2.5667896270751953,4.566789627075195,/home/dineth/focus_measure/journal/Regression/data/out_final_phase/smears/evaluation/qualitative_failure_panels/occupancy_only_topk_k=1/FieldPos404_Cam01_RGB_MB_page_8.png
occupancy_only_topk@k=1,/home/dineth/focus_measure/datasets/New folder/bma pbf tfa/pbs_imgs/FieldPos404_Cam01_RGB_MB/FieldPos404_Cam01_RGB_MB_page_9.png,pbs,-1.5,3.041069269180298,4.541069269180298,/home/dineth/focus_measure/journal/Regression/data/out_final_phase/smears/evaluation/qualitative_failure_panels/occupancy_only_topk_k=1/FieldPos404_Cam01_RGB_MB_page_9.png
occupancy_only_topk@k=1,/home/dineth/focus_measure/datasets/New folder/bma pbf tfa/pbs_imgs/FieldPos404_Cam01_RGB_MB/FieldPos404_Cam01_RGB_MB_page_6.png,pbs,-3.0,1.5174975395202637,4.517497539520264,/home/dineth/focus_measure/journal/Regression/data/out_final_phase/smears/evaluation/qualitative_failure_panels/occupancy_only_topk_k=1/FieldPos404_Cam01_RGB_MB_page_6.png
occupancy_only_topk@k=1,/home/dineth/focus_measure/datasets/New folder/bma pbf tfa/pbs_imgs/FieldPos404_Cam01_RGB_MB/FieldPos404_Cam01_RGB_MB_page_7.png,pbs,-2.5,2.014904499053955,4.514904499053955,/home/dineth/focus_measure/journal/Regression/data/out_final_phase/smears/evaluation/qualitative_failure_panels/occupancy_only_topk_k=1/FieldPos404_Cam01_RGB_MB_page_7.png
occupancy_only_topk@k=1,/home/dineth/focus_measure/datasets/New folder/bma pbf tfa/pbs_imgs/FieldPos404_Cam01_RGB_MB/FieldPos404_Cam01_RGB_MB_page_13.png,pbs,0.5,5.010077953338623,4.510077953338623,/home/dineth/focus_measure/journal/Regression/data/out_final_phase/smears/evaluation/qualitative_failure_panels/occupancy_only_topk_k=1/FieldPos404_Cam01_RGB_MB_page_13.png
occupancy_only_topk@k=3,/home/dineth/focus_measure/datasets/New folder/bma pbf tfa/pbs_imgs/FieldPos404_Cam01_RGB_MB/FieldPos404_Cam01_RGB_MB_page_3.png,pbs,-4.5,0.5519102811813354,5.0519102811813354,/home/dineth/focus_measure/journal/Regression/data/out_final_phase/smears/evaluation/qualitative_failure_panels/occupancy_only_topk_k=3/FieldPos404_Cam01_RGB_MB_page_3.png
occupancy_only_topk@k=3,/home/dineth/focus_measure/datasets/New folder/bma pbf tfa/pbs_imgs/FieldPos404_Cam01_RGB_MB/FieldPos404_Cam01_RGB_MB_page_9.png,pbs,-1.5,3.2481095790863037,4.748109579086304,/home/dineth/focus_measure/journal/Regression/data/out_final_phase/smears/evaluation/qualitative_failure_panels/occupancy_only_topk_k=3/FieldPos404_Cam01_RGB_MB_page_9.png
occupancy_only_topk@k=3,/home/dineth/focus_measure/datasets/New folder/bma pbf tfa/pbs_imgs/FieldPos085_Cam01_RGB_MB/FieldPos085_Cam01_RGB_MB_page_8.png,pbs,2.5,-2.193617105484009,4.693617105484009,/home/dineth/focus_measure/journal/Regression/data/out_final_phase/smears/evaluation/qualitative_failure_panels/occupancy_only_topk_k=3/FieldPos085_Cam01_RGB_MB_page_8.png
occupancy_only_topk@k=3,/home/dineth/focus_measure/datasets/New folder/bma pbf tfa/pbs_imgs/FieldPos404_Cam01_RGB_MB/FieldPos404_Cam01_RGB_MB_page_6.png,pbs,-3.0,1.6593552827835083,4.659355282783508,/home/dineth/focus_measure/journal/Regression/data/out_final_phase/smears/evaluation/qualitative_failure_panels/occupancy_only_topk_k=3/FieldPos404_Cam01_RGB_MB_page_6.png
occupancy_only_topk@k=3,/home/dineth/focus_measure/datasets/New folder/bma pbf tfa/pbs_imgs/FieldPos404_Cam01_RGB_MB/FieldPos404_Cam01_RGB_MB_page_10.png,pbs,-1.0,3.6455390453338623,4.645539045333862,/home/dineth/focus_measure/journal/Regression/data/out_final_phase/smears/evaluation/qualitative_failure_panels/occupancy_only_topk_k=3/FieldPos404_Cam01_RGB_MB_page_10.png
occupancy_only_topk@k=3,/home/dineth/focus_measure/datasets/New folder/bma pbf tfa/pbs_imgs/FieldPos404_Cam01_RGB_MB/FieldPos404_Cam01_RGB_MB_page_8.png,pbs,-2.0,2.6397252082824707,4.639725208282471,/home/dineth/focus_measure/journal/Regression/data/out_final_phase/smears/evaluation/qualitative_failure_panels/occupancy_only_topk_k=3/FieldPos404_Cam01_RGB_MB_page_8.png
occupancy_only_topk@k=3,/home/dineth/focus_measure/datasets/New folder/bma pbf tfa/pbs_imgs/FieldPos404_Cam01_RGB_MB/FieldPos404_Cam01_RGB_MB_page_4.png,pbs,-4.0,0.5165778398513794,4.516577839851379,/home/dineth/focus_measure/journal/Regression/data/out_final_phase/smears/evaluation/qualitative_failure_panels/occupancy_only_topk_k=3/FieldPos404_Cam01_RGB_MB_page_4.png
occupancy_only_topk@k=3,/home/dineth/focus_measure/datasets/New folder/bma pbf tfa/pbs_imgs/FieldPos404_Cam01_RGB_MB/FieldPos404_Cam01_RGB_MB_page_7.png,pbs,-2.5,2.014904499053955,4.514904499053955,/home/dineth/focus_measure/journal/Regression/data/out_final_phase/smears/evaluation/qualitative_failure_panels/occupancy_only_topk_k=3/FieldPos404_Cam01_RGB_MB_page_7.png
occupancy_only_topk@k=3,/home/dineth/focus_measure/datasets/New folder/bma pbf tfa/pbs_imgs/FieldPos404_Cam01_RGB_MB/FieldPos404_Cam01_RGB_MB_page_13.png,pbs,0.5,4.934823036193848,4.434823036193848,/home/dineth/focus_measure/journal/Regression/data/out_final_phase/smears/evaluation/qualitative_failure_panels/occupancy_only_topk_k=3/FieldPos404_Cam01_RGB_MB_page_13.png
occupancy_only_topk@k=3,/home/dineth/focus_measure/datasets/New folder/bma pbf tfa/pbs_imgs/FieldPos404_Cam01_RGB_MB/FieldPos404_Cam01_RGB_MB_page_5.png,pbs,-3.5,0.8956972360610962,4.395697236061096,/home/dineth/focus_measure/journal/Regression/data/out_final_phase/smears/evaluation/qualitative_failure_panels/occupancy_only_topk_k=3/FieldPos404_Cam01_RGB_MB_page_5.png
occupancy_only_topk@k=5,/home/dineth/focus_measure/datasets/New folder/bma pbf tfa/pbs_imgs/FieldPos404_Cam01_RGB_MB/FieldPos404_Cam01_RGB_MB_page_3.png,pbs,-4.5,0.5519102811813354,5.0519102811813354,/home/dineth/focus_measure/journal/Regression/data/out_final_phase/smears/evaluation/qualitative_failure_panels/occupancy_only_topk_k=5/FieldPos404_Cam01_RGB_MB_page_3.png
occupancy_only_topk@k=5,/home/dineth/focus_measure/datasets/New folder/bma pbf tfa/pbs_imgs/FieldPos404_Cam01_RGB_MB/FieldPos404_Cam01_RGB_MB_page_8.png,pbs,-2.0,2.6229913234710693,4.622991323471069,/home/dineth/focus_measure/journal/Regression/data/out_final_phase/smears/evaluation/qualitative_failure_panels/occupancy_only_topk_k=5/FieldPos404_Cam01_RGB_MB_page_8.png
occupancy_only_topk@k=5,/home/dineth/focus_measure/datasets/New folder/bma pbf tfa/pbs_imgs/FieldPos404_Cam01_RGB_MB/FieldPos404_Cam01_RGB_MB_page_10.png,pbs,-1.0,3.6229262351989746,4.622926235198975,/home/dineth/focus_measure/journal/Regression/data/out_final_phase/smears/evaluation/qualitative_failure_panels/occupancy_only_topk_k=5/FieldPos404_Cam01_RGB_MB_page_10.png
occupancy_only_topk@k=5,/home/dineth/focus_measure/datasets/New folder/bma pbf tfa/pbs_imgs/FieldPos404_Cam01_RGB_MB/FieldPos404_Cam01_RGB_MB_page_4.png,pbs,-4.0,0.5607682466506958,4.560768246650696,/home/dineth/focus_measure/journal/Regression/data/out_final_phase/smears/evaluation/qualitative_failure_panels/occupancy_only_topk_k=5/FieldPos404_Cam01_RGB_MB_page_4.png
occupancy_only_topk@k=5,/home/dineth/focus_measure/datasets/New folder/bma pbf tfa/pbs_imgs/FieldPos404_Cam01_RGB_MB/FieldPos404_Cam01_RGB_MB_page_9.png,pbs,-1.5,3.0466551780700684,4.546655178070068,/home/dineth/focus_measure/journal/Regression/data/out_final_phase/smears/evaluation/qualitative_failure_panels/occupancy_only_topk_k=5/FieldPos404_Cam01_RGB_MB_page_9.png
occupancy_only_topk@k=5,/home/dineth/focus_measure/datasets/New folder/bma pbf tfa/pbs_imgs/FieldPos404_Cam01_RGB_MB/FieldPos404_Cam01_RGB_MB_page_6.png,pbs,-3.0,1.5174975395202637,4.517497539520264,/home/dineth/focus_measure/journal/Regression/data/out_final_phase/smears/evaluation/qualitative_failure_panels/occupancy_only_topk_k=5/FieldPos404_Cam01_RGB_MB_page_6.png
occupancy_only_topk@k=5,/home/dineth/focus_measure/datasets/New folder/bma pbf tfa/pbs_imgs/FieldPos404_Cam01_RGB_MB/FieldPos404_Cam01_RGB_MB_page_7.png,pbs,-2.5,1.9615795612335205,4.4615795612335205,/home/dineth/focus_measure/journal/Regression/data/out_final_phase/smears/evaluation/qualitative_failure_panels/occupancy_only_topk_k=5/FieldPos404_Cam01_RGB_MB_page_7.png
occupancy_only_topk@k=5,/home/dineth/focus_measure/datasets/New folder/bma pbf tfa/pbs_imgs/FieldPos404_Cam01_RGB_MB/FieldPos404_Cam01_RGB_MB_page_11.png,pbs,-0.5,3.88632869720459,4.38632869720459,/home/dineth/focus_measure/journal/Regression/data/out_final_phase/smears/evaluation/qualitative_failure_panels/occupancy_only_topk_k=5/FieldPos404_Cam01_RGB_MB_page_11.png
occupancy_only_topk@k=5,/home/dineth/focus_measure/datasets/New folder/bma pbf tfa/pbs_imgs/FieldPos404_Cam01_RGB_MB/FieldPos404_Cam01_RGB_MB_page_12.png,pbs,-0.0,4.361471176147461,4.361471176147461,/home/dineth/focus_measure/journal/Regression/data/out_final_phase/smears/evaluation/qualitative_failure_panels/occupancy_only_topk_k=5/FieldPos404_Cam01_RGB_MB_page_12.png
occupancy_only_topk@k=5,/home/dineth/focus_measure/datasets/New folder/bma pbf tfa/pbs_imgs/FieldPos321_Cam01_RGB_MB/FieldPos321_Cam01_RGB_MB_page_13.png,pbs,-0.0,4.34024715423584,4.34024715423584,/home/dineth/focus_measure/journal/Regression/data/out_final_phase/smears/evaluation/qualitative_failure_panels/occupancy_only_topk_k=5/FieldPos321_Cam01_RGB_MB_page_13.png
occupancy_only_topk@k=7,/home/dineth/focus_measure/datasets/New folder/bma pbf tfa/pbs_imgs/FieldPos404_Cam01_RGB_MB/FieldPos404_Cam01_RGB_MB_page_3.png,pbs,-4.5,0.5519102811813354,5.0519102811813354,/home/dineth/focus_measure/journal/Regression/data/out_final_phase/smears/evaluation/qualitative_failure_panels/occupancy_only_topk_k=7/FieldPos404_Cam01_RGB_MB_page_3.png
occupancy_only_topk@k=7,/home/dineth/focus_measure/datasets/New folder/bma pbf tfa/pbs_imgs/FieldPos404_Cam01_RGB_MB/FieldPos404_Cam01_RGB_MB_page_8.png,pbs,-2.0,2.6229913234710693,4.622991323471069,/home/dineth/focus_measure/journal/Regression/data/out_final_phase/smears/evaluation/qualitative_failure_panels/occupancy_only_topk_k=7/FieldPos404_Cam01_RGB_MB_page_8.png
occupancy_only_topk@k=7,/home/dineth/focus_measure/datasets/New folder/bma pbf tfa/pbs_imgs/FieldPos404_Cam01_RGB_MB/FieldPos404_Cam01_RGB_MB_page_4.png,pbs,-4.0,0.5584810376167297,4.55848103761673,/home/dineth/focus_measure/journal/Regression/data/out_final_phase/smears/evaluation/qualitative_failure_panels/occupancy_only_topk_k=7/FieldPos404_Cam01_RGB_MB_page_4.png
occupancy_only_topk@k=7,/home/dineth/focus_measure/datasets/New folder/bma pbf tfa/pbs_imgs/FieldPos404_Cam01_RGB_MB/FieldPos404_Cam01_RGB_MB_page_9.png,pbs,-1.5,3.041069269180298,4.541069269180298,/home/dineth/focus_measure/journal/Regression/data/out_final_phase/smears/evaluation/qualitative_failure_panels/occupancy_only_topk_k=7/FieldPos404_Cam01_RGB_MB_page_9.png
occupancy_only_topk@k=7,/home/dineth/focus_measure/datasets/New folder/bma pbf tfa/pbs_imgs/FieldPos404_Cam01_RGB_MB/FieldPos404_Cam01_RGB_MB_page_6.png,pbs,-3.0,1.4873729944229126,4.487372994422913,/home/dineth/focus_measure/journal/Regression/data/out_final_phase/smears/evaluation/qualitative_failure_panels/occupancy_only_topk_k=7/FieldPos404_Cam01_RGB_MB_page_6.png
occupancy_only_topk@k=7,/home/dineth/focus_measure/datasets/New folder/bma pbf tfa/pbs_imgs/FieldPos404_Cam01_RGB_MB/FieldPos404_Cam01_RGB_MB_page_10.png,pbs,-1.0,3.415853261947632,4.415853261947632,/home/dineth/focus_measure/journal/Regression/data/out_final_phase/smears/evaluation/qualitative_failure_panels/occupancy_only_topk_k=7/FieldPos404_Cam01_RGB_MB_page_10.png
occupancy_only_topk@k=7,/home/dineth/focus_measure/datasets/New folder/bma pbf tfa/pbs_imgs/FieldPos404_Cam01_RGB_MB/FieldPos404_Cam01_RGB_MB_page_7.png,pbs,-2.5,1.9121662378311157,4.412166237831116,/home/dineth/focus_measure/journal/Regression/data/out_final_phase/smears/evaluation/qualitative_failure_panels/occupancy_only_topk_k=7/FieldPos404_Cam01_RGB_MB_page_7.png
occupancy_only_topk@k=7,/home/dineth/focus_measure/datasets/New folder/bma pbf tfa/pbs_imgs/FieldPos321_Cam01_RGB_MB/FieldPos321_Cam01_RGB_MB_page_13.png,pbs,-0.0,4.387783050537109,4.387783050537109,/home/dineth/focus_measure/journal/Regression/data/out_final_phase/smears/evaluation/qualitative_failure_panels/occupancy_only_topk_k=7/FieldPos321_Cam01_RGB_MB_page_13.png
occupancy_only_topk@k=7,/home/dineth/focus_measure/datasets/New folder/bma pbf tfa/pbs_imgs/FieldPos404_Cam01_RGB_MB/FieldPos404_Cam01_RGB_MB_page_11.png,pbs,-0.5,3.88632869720459,4.38632869720459,/home/dineth/focus_measure/journal/Regression/data/out_final_phase/smears/evaluation/qualitative_failure_panels/occupancy_only_topk_k=7/FieldPos404_Cam01_RGB_MB_page_11.png
occupancy_only_topk@k=7,/home/dineth/focus_measure/datasets/New folder/bma pbf tfa/pbs_imgs/FieldPos404_Cam01_RGB_MB/FieldPos404_Cam01_RGB_MB_page_12.png,pbs,-0.0,4.361471176147461,4.361471176147461,/home/dineth/focus_measure/journal/Regression/data/out_final_phase/smears/evaluation/qualitative_failure_panels/occupancy_only_topk_k=7/FieldPos404_Cam01_RGB_MB_page_12.png
hybrid_proposed,/home/dineth/focus_measure/datasets/New folder/bma pbf tfa/pbs_imgs/FieldPos404_Cam01_RGB_MB/FieldPos404_Cam01_RGB_MB_page_3.png,pbs,-4.5,0.46508628129959106,4.965086281299591,/home/dineth/focus_measure/journal/Regression/data/out_final_phase/smears/evaluation/qualitative_failure_panels/hybrid_proposed/FieldPos404_Cam01_RGB_MB_page_3.png
hybrid_proposed,/home/dineth/focus_measure/datasets/New folder/bma pbf tfa/pbs_imgs/FieldPos321_Cam01_RGB_MB/FieldPos321_Cam01_RGB_MB_page_13.png,pbs,-0.0,4.770174026489258,4.770174026489258,/home/dineth/focus_measure/journal/Regression/data/out_final_phase/smears/evaluation/qualitative_failure_panels/hybrid_proposed/FieldPos321_Cam01_RGB_MB_page_13.png
hybrid_proposed,/home/dineth/focus_measure/datasets/New folder/bma pbf tfa/pbs_imgs/FieldPos404_Cam01_RGB_MB/FieldPos404_Cam01_RGB_MB_page_9.png,pbs,-1.5,3.0663323402404785,4.5663323402404785,/home/dineth/focus_measure/journal/Regression/data/out_final_phase/smears/evaluation/qualitative_failure_panels/hybrid_proposed/FieldPos404_Cam01_RGB_MB_page_9.png
hybrid_proposed,/home/dineth/focus_measure/datasets/New folder/bma pbf tfa/pbs_imgs/FieldPos404_Cam01_RGB_MB/FieldPos404_Cam01_RGB_MB_page_4.png,pbs,-4.0,0.5584810376167297,4.55848103761673,/home/dineth/focus_measure/journal/Regression/data/out_final_phase/smears/evaluation/qualitative_failure_panels/hybrid_proposed/FieldPos404_Cam01_RGB_MB_page_4.png
hybrid_proposed,/home/dineth/focus_measure/datasets/New folder/bma pbf tfa/pbs_imgs/FieldPos404_Cam01_RGB_MB/FieldPos404_Cam01_RGB_MB_page_8.png,pbs,-2.0,2.528254270553589,4.528254270553589,/home/dineth/focus_measure/journal/Regression/data/out_final_phase/smears/evaluation/qualitative_failure_panels/hybrid_proposed/FieldPos404_Cam01_RGB_MB_page_8.png
hybrid_proposed,/home/dineth/focus_measure/datasets/New folder/bma pbf tfa/pbs_imgs/FieldPos404_Cam01_RGB_MB/FieldPos404_Cam01_RGB_MB_page_6.png,pbs,-3.0,1.5132880210876465,4.5132880210876465,/home/dineth/focus_measure/journal/Regression/data/out_final_phase/smears/evaluation/qualitative_failure_panels/hybrid_proposed/FieldPos404_Cam01_RGB_MB_page_6.png
hybrid_proposed,/home/dineth/focus_measure/datasets/New folder/bma pbf tfa/pbs_imgs/FieldPos404_Cam01_RGB_MB/FieldPos404_Cam01_RGB_MB_page_10.png,pbs,-1.0,3.4590866565704346,4.459086656570435,/home/dineth/focus_measure/journal/Regression/data/out_final_phase/smears/evaluation/qualitative_failure_panels/hybrid_proposed/FieldPos404_Cam01_RGB_MB_page_10.png
hybrid_proposed,/home/dineth/focus_measure/datasets/New folder/bma pbf tfa/pbs_imgs/FieldPos404_Cam01_RGB_MB/FieldPos404_Cam01_RGB_MB_page_7.png,pbs,-2.5,1.9263508319854736,4.426350831985474,/home/dineth/focus_measure/journal/Regression/data/out_final_phase/smears/evaluation/qualitative_failure_panels/hybrid_proposed/FieldPos404_Cam01_RGB_MB_page_7.png
hybrid_proposed,/home/dineth/focus_measure/datasets/New folder/bma pbf tfa/pbs_imgs/FieldPos404_Cam01_RGB_MB/FieldPos404_Cam01_RGB_MB_page_12.png,pbs,-0.0,4.394664287567139,4.394664287567139,/home/dineth/focus_measure/journal/Regression/data/out_final_phase/smears/evaluation/qualitative_failure_panels/hybrid_proposed/FieldPos404_Cam01_RGB_MB_page_12.png
hybrid_proposed,/home/dineth/focus_measure/datasets/New folder/bma pbf tfa/pbs_imgs/FieldPos404_Cam01_RGB_MB/FieldPos404_Cam01_RGB_MB_page_11.png,pbs,-0.5,3.88632869720459,4.38632869720459,/home/dineth/focus_measure/journal/Regression/data/out_final_phase/smears/evaluation/qualitative_failure_panels/hybrid_proposed/FieldPos404_Cam01_RGB_MB_page_11.png
all_rois,/home/dineth/focus_measure/datasets/New folder/bma pbf tfa/pbs_imgs/FieldPos404_Cam01_RGB_MB/FieldPos404_Cam01_RGB_MB_page_3.png,pbs,-4.5,0.4654029607772827,4.965402960777283,/home/dineth/focus_measure/journal/Regression/data/out_final_phase/smears/evaluation/qualitative_failure_panels/all_rois/FieldPos404_Cam01_RGB_MB_page_3.png
all_rois,/home/dineth/focus_measure/datasets/New folder/bma pbf tfa/pbs_imgs/FieldPos321_Cam01_RGB_MB/FieldPos321_Cam01_RGB_MB_page_13.png,pbs,-0.0,4.5911102294921875,4.5911102294921875,/home/dineth/focus_measure/journal/Regression/data/out_final_phase/smears/evaluation/qualitative_failure_panels/all_rois/FieldPos321_Cam01_RGB_MB_page_13.png
all_rois,/home/dineth/focus_measure/datasets/New folder/bma pbf tfa/pbs_imgs/FieldPos404_Cam01_RGB_MB/FieldPos404_Cam01_RGB_MB_page_4.png,pbs,-4.0,0.5607682466506958,4.560768246650696,/home/dineth/focus_measure/journal/Regression/data/out_final_phase/smears/evaluation/qualitative_failure_panels/all_rois/FieldPos404_Cam01_RGB_MB_page_4.png
all_rois,/home/dineth/focus_measure/datasets/New folder/bma pbf tfa/pbs_imgs/FieldPos404_Cam01_RGB_MB/FieldPos404_Cam01_RGB_MB_page_9.png,pbs,-1.5,3.0466551780700684,4.546655178070068,/home/dineth/focus_measure/journal/Regression/data/out_final_phase/smears/evaluation/qualitative_failure_panels/all_rois/FieldPos404_Cam01_RGB_MB_page_9.png
all_rois,/home/dineth/focus_measure/datasets/New folder/bma pbf tfa/pbs_imgs/FieldPos404_Cam01_RGB_MB/FieldPos404_Cam01_RGB_MB_page_6.png,pbs,-3.0,1.517181396484375,4.517181396484375,/home/dineth/focus_measure/journal/Regression/data/out_final_phase/smears/evaluation/qualitative_failure_panels/all_rois/FieldPos404_Cam01_RGB_MB_page_6.png
all_rois,/home/dineth/focus_measure/datasets/New folder/bma pbf tfa/pbs_imgs/FieldPos404_Cam01_RGB_MB/FieldPos404_Cam01_RGB_MB_page_8.png,pbs,-2.0,2.469856023788452,4.469856023788452,/home/dineth/focus_measure/journal/Regression/data/out_final_phase/smears/evaluation/qualitative_failure_panels/all_rois/FieldPos404_Cam01_RGB_MB_page_8.png
all_rois,/home/dineth/focus_measure/datasets/New folder/bma pbf tfa/pbs_imgs/FieldPos404_Cam01_RGB_MB/FieldPos404_Cam01_RGB_MB_page_10.png,pbs,-1.0,3.4602949619293213,4.460294961929321,/home/dineth/focus_measure/journal/Regression/data/out_final_phase/smears/evaluation/qualitative_failure_panels/all_rois/FieldPos404_Cam01_RGB_MB_page_10.png
all_rois,/home/dineth/focus_measure/datasets/New folder/bma pbf tfa/pbs_imgs/FieldPos404_Cam01_RGB_MB/FieldPos404_Cam01_RGB_MB_page_7.png,pbs,-2.5,1.9263508319854736,4.426350831985474,/home/dineth/focus_measure/journal/Regression/data/out_final_phase/smears/evaluation/qualitative_failure_panels/all_rois/FieldPos404_Cam01_RGB_MB_page_7.png
all_rois,/home/dineth/focus_measure/datasets/New folder/bma pbf tfa/pbs_imgs/FieldPos404_Cam01_RGB_MB/FieldPos404_Cam01_RGB_MB_page_11.png,pbs,-0.5,3.9053516387939453,4.405351638793945,/home/dineth/focus_measure/journal/Regression/data/out_final_phase/smears/evaluation/qualitative_failure_panels/all_rois/FieldPos404_Cam01_RGB_MB_page_11.png
all_rois,/home/dineth/focus_measure/datasets/New folder/bma pbf tfa/pbs_imgs/FieldPos404_Cam01_RGB_MB/FieldPos404_Cam01_RGB_MB_page_5.png,pbs,-3.5,0.8993735313415527,4.399373531341553,/home/dineth/focus_measure/journal/Regression/data/out_final_phase/smears/evaluation/qualitative_failure_panels/all_rois/FieldPos404_Cam01_RGB_MB_page_5.png
legacy_adaptive,/home/dineth/focus_measure/datasets/New folder/bma pbf tfa/pbs_imgs/FieldPos404_Cam01_RGB_MB/FieldPos404_Cam01_RGB_MB_page_3.png,pbs,-4.5,0.46508628129959106,4.965086281299591,/home/dineth/focus_measure/journal/Regression/data/out_final_phase/smears/evaluation/qualitative_failure_panels/legacy_adaptive/FieldPos404_Cam01_RGB_MB_page_3.png
legacy_adaptive,/home/dineth/focus_measure/datasets/New folder/bma pbf tfa/pbs_imgs/FieldPos321_Cam01_RGB_MB/FieldPos321_Cam01_RGB_MB_page_13.png,pbs,-0.0,4.792426586151123,4.792426586151123,/home/dineth/focus_measure/journal/Regression/data/out_final_phase/smears/evaluation/qualitative_failure_panels/legacy_adaptive/FieldPos321_Cam01_RGB_MB_page_13.png
legacy_adaptive,/home/dineth/focus_measure/datasets/New folder/bma pbf tfa/pbs_imgs/FieldPos404_Cam01_RGB_MB/FieldPos404_Cam01_RGB_MB_page_6.png,pbs,-3.0,1.649281620979309,4.649281620979309,/home/dineth/focus_measure/journal/Regression/data/out_final_phase/smears/evaluation/qualitative_failure_panels/legacy_adaptive/FieldPos404_Cam01_RGB_MB_page_6.png
legacy_adaptive,/home/dineth/focus_measure/datasets/New folder/bma pbf tfa/pbs_imgs/FieldPos404_Cam01_RGB_MB/FieldPos404_Cam01_RGB_MB_page_9.png,pbs,-1.5,3.146310806274414,4.646310806274414,/home/dineth/focus_measure/journal/Regression/data/out_final_phase/smears/evaluation/qualitative_failure_panels/legacy_adaptive/FieldPos404_Cam01_RGB_MB_page_9.png
legacy_adaptive,/home/dineth/focus_measure/datasets/New folder/bma pbf tfa/pbs_imgs/FieldPos404_Cam01_RGB_MB/FieldPos404_Cam01_RGB_MB_page_8.png,pbs,-2.0,2.6194214820861816,4.619421482086182,/home/dineth/focus_measure/journal/Regression/data/out_final_phase/smears/evaluation/qualitative_failure_panels/legacy_adaptive/FieldPos404_Cam01_RGB_MB_page_8.png
legacy_adaptive,/home/dineth/focus_measure/datasets/New folder/bma pbf tfa/pbs_imgs/FieldPos404_Cam01_RGB_MB/FieldPos404_Cam01_RGB_MB_page_4.png,pbs,-4.0,0.5508782863616943,4.550878286361694,/home/dineth/focus_measure/journal/Regression/data/out_final_phase/smears/evaluation/qualitative_failure_panels/legacy_adaptive/FieldPos404_Cam01_RGB_MB_page_4.png
legacy_adaptive,/home/dineth/focus_measure/datasets/New folder/bma pbf tfa/pbs_imgs/FieldPos404_Cam01_RGB_MB/FieldPos404_Cam01_RGB_MB_page_10.png,pbs,-1.0,3.50203013420105,4.50203013420105,/home/dineth/focus_measure/journal/Regression/data/out_final_phase/smears/evaluation/qualitative_failure_panels/legacy_adaptive/FieldPos404_Cam01_RGB_MB_page_10.png
legacy_adaptive,/home/dineth/focus_measure/datasets/New folder/bma pbf tfa/pbs_imgs/FieldPos404_Cam01_RGB_MB/FieldPos404_Cam01_RGB_MB_page_7.png,pbs,-2.5,1.92753267288208,4.42753267288208,/home/dineth/focus_measure/journal/Regression/data/out_final_phase/smears/evaluation/qualitative_failure_panels/legacy_adaptive/FieldPos404_Cam01_RGB_MB_page_7.png
legacy_adaptive,/home/dineth/focus_measure/datasets/New folder/bma pbf tfa/pbs_imgs/FieldPos404_Cam01_RGB_MB/FieldPos404_Cam01_RGB_MB_page_11.png,pbs,-0.5,3.899940013885498,4.399940013885498,/home/dineth/focus_measure/journal/Regression/data/out_final_phase/smears/evaluation/qualitative_failure_panels/legacy_adaptive/FieldPos404_Cam01_RGB_MB_page_11.png
legacy_adaptive,/home/dineth/focus_measure/datasets/New folder/bma pbf tfa/pbs_imgs/FieldPos404_Cam01_RGB_MB/FieldPos404_Cam01_RGB_MB_page_5.png,pbs,-3.5,0.8956972360610962,4.395697236061096,/home/dineth/focus_measure/journal/Regression/data/out_final_phase/smears/evaluation/qualitative_failure_panels/legacy_adaptive/FieldPos404_Cam01_RGB_MB_page_5.png
cnn_adaptive,/home/dineth/focus_measure/datasets/New folder/bma pbf tfa/pbs_imgs/FieldPos404_Cam01_RGB_MB/FieldPos404_Cam01_RGB_MB_page_3.png,pbs,-4.5,0.46508628129959106,4.965086281299591,/home/dineth/focus_measure/journal/Regression/data/out_final_phase/smears/evaluation/qualitative_failure_panels/cnn_adaptive/FieldPos404_Cam01_RGB_MB_page_3.png
cnn_adaptive,/home/dineth/focus_measure/datasets/New folder/bma pbf tfa/pbs_imgs/FieldPos321_Cam01_RGB_MB/FieldPos321_Cam01_RGB_MB_page_13.png,pbs,-0.0,4.770174026489258,4.770174026489258,/home/dineth/focus_measure/journal/Regression/data/out_final_phase/smears/evaluation/qualitative_failure_panels/cnn_adaptive/FieldPos321_Cam01_RGB_MB_page_13.png
cnn_adaptive,/home/dineth/focus_measure/datasets/New folder/bma pbf tfa/pbs_imgs/FieldPos404_Cam01_RGB_MB/FieldPos404_Cam01_RGB_MB_page_9.png,pbs,-1.5,3.0663323402404785,4.5663323402404785,/home/dineth/focus_measure/journal/Regression/data/out_final_phase/smears/evaluation/qualitative_failure_panels/cnn_adaptive/FieldPos404_Cam01_RGB_MB_page_9.png
cnn_adaptive,/home/dineth/focus_measure/datasets/New folder/bma pbf tfa/pbs_imgs/FieldPos404_Cam01_RGB_MB/FieldPos404_Cam01_RGB_MB_page_4.png,pbs,-4.0,0.5584810376167297,4.55848103761673,/home/dineth/focus_measure/journal/Regression/data/out_final_phase/smears/evaluation/qualitative_failure_panels/cnn_adaptive/FieldPos404_Cam01_RGB_MB_page_4.png
cnn_adaptive,/home/dineth/focus_measure/datasets/New folder/bma pbf tfa/pbs_imgs/FieldPos404_Cam01_RGB_MB/FieldPos404_Cam01_RGB_MB_page_8.png,pbs,-2.0,2.528254270553589,4.528254270553589,/home/dineth/focus_measure/journal/Regression/data/out_final_phase/smears/evaluation/qualitative_failure_panels/cnn_adaptive/FieldPos404_Cam01_RGB_MB_page_8.png
cnn_adaptive,/home/dineth/focus_measure/datasets/New folder/bma pbf tfa/pbs_imgs/FieldPos404_Cam01_RGB_MB/FieldPos404_Cam01_RGB_MB_page_6.png,pbs,-3.0,1.5132880210876465,4.5132880210876465,/home/dineth/focus_measure/journal/Regression/data/out_final_phase/smears/evaluation/qualitative_failure_panels/cnn_adaptive/FieldPos404_Cam01_RGB_MB_page_6.png
cnn_adaptive,/home/dineth/focus_measure/datasets/New folder/bma pbf tfa/pbs_imgs/FieldPos404_Cam01_RGB_MB/FieldPos404_Cam01_RGB_MB_page_10.png,pbs,-1.0,3.4590866565704346,4.459086656570435,/home/dineth/focus_measure/journal/Regression/data/out_final_phase/smears/evaluation/qualitative_failure_panels/cnn_adaptive/FieldPos404_Cam01_RGB_MB_page_10.png
cnn_adaptive,/home/dineth/focus_measure/datasets/New folder/bma pbf tfa/pbs_imgs/FieldPos404_Cam01_RGB_MB/FieldPos404_Cam01_RGB_MB_page_7.png,pbs,-2.5,1.9263508319854736,4.426350831985474,/home/dineth/focus_measure/journal/Regression/data/out_final_phase/smears/evaluation/qualitative_failure_panels/cnn_adaptive/FieldPos404_Cam01_RGB_MB_page_7.png
cnn_adaptive,/home/dineth/focus_measure/datasets/New folder/bma pbf tfa/pbs_imgs/FieldPos404_Cam01_RGB_MB/FieldPos404_Cam01_RGB_MB_page_12.png,pbs,-0.0,4.394664287567139,4.394664287567139,/home/dineth/focus_measure/journal/Regression/data/out_final_phase/smears/evaluation/qualitative_failure_panels/cnn_adaptive/FieldPos404_Cam01_RGB_MB_page_12.png
cnn_adaptive,/home/dineth/focus_measure/datasets/New folder/bma pbf tfa/pbs_imgs/FieldPos404_Cam01_RGB_MB/FieldPos404_Cam01_RGB_MB_page_11.png,pbs,-0.5,3.88632869720459,4.38632869720459,/home/dineth/focus_measure/journal/Regression/data/out_final_phase/smears/evaluation/qualitative_failure_panels/cnn_adaptive/FieldPos404_Cam01_RGB_MB_page_11.png
